Ship_Mode,Total_Sales,Total_Discount
First Class,88085.52150000003,44.55200000000001
Same Day,26118.863759999982,8.504000000000001
Second Class,88966.61812000003,340.40999999999985
Standard Class,283435.16618000035,158.92800000000008
