Ship_Mode,Total_Sales
First Class,88085.52150000003
Same Day,26118.863759999982
Second Class,88966.61812000003
Standard Class,283435.16618000035
